"Time (s)","Latitude (°)","Longitude (°)","Height (m)","Velocity (m/s)","Direction (°)","Horizontal Accuracy (m)","Vertical Accuracy (m)"
1.046407269E1,6.290049333E1,2.766592167E1,1.015482128E2,6.742861122E-2,4.484999847E1,1.600000024E0,1.550000000E1
1.145807269E1,6.290049500E1,2.766592167E1,1.015482148E2,1.369161159E-1,1.303999996E1,1.600000024E0,1.539999962E1
1.245807269E1,6.290049667E1,2.766592000E1,1.010482168E2,7.926721871E-2,3.470299988E2,1.500000000E0,1.439999962E1
1.345807269E1,6.290049833E1,2.766591500E1,1.012482190E2,5.095750093E-2,2.796600037E2,1.500000000E0,1.400000000E1
1.445807269E1,6.290050000E1,2.766591500E1,1.018482210E2,1.441222243E-2,2.033699951E2,1.500000000E0,1.360000038E1
1.545807269E1,6.290050333E1,2.766590833E1,1.025482251E2,2.985388972E-2,3.005700073E2,1.399999976E0,1.210000038E1
1.645807268E1,6.290050500E1,2.766589667E1,1.035482274E2,4.735444486E-2,2.477799988E2,1.299999952E0,1.139999962E1
1.745807268E1,6.290050667E1,2.766589167E1,1.040482296E2,7.772305608E-2,2.647600098E2,1.299999952E0,1.139999962E1
1.845807268E1,6.290050667E1,2.766588333E1,1.044482298E2,2.058888823E-1,2.625599976E2,1.299999952E0,1.119999981E1
1.945807268E1,6.290050667E1,2.766587500E1,1.047482300E2,2.182422280E-1,2.623999939E2,1.299999952E0,1.110000038E1
2.045807268E1,6.290050500E1,2.766587000E1,1.049482281E2,2.305955589E-1,2.489199982E2,1.399999976E0,1.160000038E1
2.145807268E1,6.290050167E1,2.766586667E1,1.051482242E2,1.116947234E-1,2.598599854E2,1.399999976E0,1.200000000E1
2.245807268E1,6.290050000E1,2.766587000E1,1.054482221E2,1.122094467E-1,2.630700073E2,1.500000000E0,1.210000038E1
2.345807268E1,6.290049833E1,2.766587500E1,1.058482200E2,1.183861122E-1,2.049400024E2,1.500000000E0,1.200000000E1
2.445807268E1,6.290049667E1,2.766587833E1,1.060482179E2,1.317688823E-1,4.316999817E1,1.500000000E0,1.210000038E1
2.545807268E1,6.290049833E1,2.766588500E1,1.064482197E2,1.420633346E-1,6.120999908E1,1.500000000E0,1.160000038E1
2.645807268E1,6.290049833E1,2.766588833E1,1.067482196E2,1.446369439E-1,6.213000107E1,1.399999976E0,1.130000019E1
2.745807268E1,6.290049667E1,2.766588833E1,1.070482176E2,1.384602785E-1,2.163999939E2,1.399999976E0,1.130000019E1
2.845807268E1,6.290049333E1,2.766589000E1,1.072482136E2,1.255922168E-1,1.976100006E2,1.399999976E0,1.119999981E1
2.945807268E1,6.290049167E1,2.766588833E1,1.074482116E2,1.152977794E-1,2.159700012E2,1.399999976E0,1.100000000E1
3.045807268E1,6.290049000E1,2.766589000E1,1.076482096E2,9.522361308E-2,2.001300049E2,1.399999976E0,1.060000038E1
3.145807268E1,6.290049000E1,2.766589000E1,1.078482096E2,8.235555887E-2,2.490500031E2,1.399999976E0,1.039999962E1
3.245807269E1,6.290049000E1,2.766589167E1,1.079482095E2,0.000000000E0,3.273299866E2,1.399999976E0,1.030000019E1
3.345807269E1,6.290049000E1,2.766589500E1,1.080482094E2,0.000000000E0,2.417000008E1,1.399999976E0,9.300000191E0
3.445807269E1,6.290049000E1,2.766589500E1,1.081482094E2,0.000000000E0,3.349700012E2,1.399999976E0,9.300000191E0
3.545807269E1,6.290049000E1,2.766589500E1,1.081482094E2,0.000000000E0,3.349700012E2,1.399999976E0,9.199999809E0
3.645807269E1,6.290049000E1,2.766589500E1,1.081482094E2,0.000000000E0,3.349700012E2,1.399999976E0,9.300000191E0
3.745807269E1,6.290049000E1,2.766589500E1,1.081482094E2,0.000000000E0,3.349700012E2,1.399999976E0,9.100000381E0
3.845807269E1,6.290049000E1,2.766589500E1,1.081482094E2,0.000000000E0,3.349700012E2,1.399999976E0,9.300000191E0
3.945807269E1,6.290049000E1,2.766589500E1,1.081482094E2,0.000000000E0,3.349700012E2,1.399999976E0,9.399999619E0
4.045807269E1,6.290049000E1,2.766589500E1,1.081482094E2,0.000000000E0,3.349700012E2,1.500000000E0,9.399999619E0
4.145807269E1,6.290049000E1,2.766589500E1,1.081482094E2,0.000000000E0,3.349700012E2,1.399999976E0,8.699999809E0
4.245807269E1,6.290049000E1,2.766589500E1,1.081482094E2,0.000000000E0,3.349700012E2,1.399999976E0,8.000000000E0
4.345807269E1,6.290048833E1,2.766591500E1,1.075482069E2,1.935355514E-1,1.182600021E2,1.500000000E0,8.300000191E0
4.445807269E1,6.290048833E1,2.766593167E1,1.074482065E2,2.408899963E-1,1.053899994E2,1.500000000E0,8.500000000E0
4.545807269E1,6.290049167E1,2.766594833E1,1.072482101E2,3.186130524E-1,1.013099976E2,1.500000000E0,8.600000381E0
4.645807269E1,6.290049333E1,2.766597500E1,1.070482114E2,4.313372076E-1,9.319999695E1,1.500000000E0,8.300000191E0
4.745807269E1,6.290049333E1,2.766600167E1,1.068482107E2,5.481791496E-1,1.061100006E2,1.500000000E0,8.600000381E0
4.845807269E1,6.290049000E1,2.766603000E1,1.067482060E2,6.928161383E-1,1.034400024E2,1.500000000E0,8.600000381E0
4.945807269E1,6.290048667E1,2.766605667E1,1.067482013E2,7.839219570E-1,1.092200012E2,1.600000024E0,8.600000381E0
5.045807269E1,6.290048167E1,2.766607333E1,1.066481949E2,8.343647122E-1,1.110699997E2,1.600000024E0,8.500000000E0
5.145807269E1,6.290047833E1,2.766608833E1,1.066481905E2,8.765719533E-1,1.215400009E2,1.600000024E0,8.600000381E0
5.245807269E1,6.290047167E1,2.766610333E1,1.065481821E2,9.048816562E-1,1.233700027E2,1.600000024E0,8.600000381E0
5.345807269E1,6.290046500E1,2.766612167E1,1.063481736E2,9.388533235E-1,1.263799973E2,1.600000024E0,8.800000191E0
5.445807269E1,6.290045833E1,2.766614000E1,1.062481651E2,9.728249907E-1,1.258300018E2,1.700000048E0,9.000000000E0
5.545807269E1,6.290045167E1,2.766616167E1,1.060481565E2,9.949580431E-1,1.256699982E2,1.700000048E0,9.300000191E0
5.645807269E1,6.290044667E1,2.766618000E1,1.058481501E2,9.347355366E-1,9.998000336E1,1.700000048E0,9.000000000E0
5.745807269E1,6.290044167E1,2.766619833E1,1.056481436E2,8.904694319E-1,1.095199966E2,1.600000024E0,8.899999619E0
5.845807269E1,6.290043833E1,2.766622000E1,1.053481390E2,8.328205347E-1,1.028300018E2,1.600000024E0,9.000000000E0
5.945807269E1,6.290043833E1,2.766624667E1,1.052481383E2,8.266438842E-1,9.987000275E1,1.600000024E0,9.000000000E0
6.045807269E1,6.290043833E1,2.766627333E1,1.050481377E2,8.436297178E-1,9.334999847E1,1.600000024E0,9.000000000E0
6.145807269E1,6.290044000E1,2.766630000E1,1.049481390E2,8.909841776E-1,6.570999908E1,1.700000048E0,9.399999619E0
6.245807269E1,6.290044500E1,2.766632000E1,1.049481445E2,9.393680692E-1,5.772999954E1,1.700000048E0,9.800000191E0
6.345807269E1,6.290045333E1,2.766633333E1,1.049481542E2,9.434858561E-1,5.883000183E1,1.799999952E0,1.030000019E1
6.445807268E1,6.290046333E1,2.766634167E1,1.048481661E2,9.038522243E-1,4.293000031E1,1.799999952E0,1.000000000E1
6.545807268E1,6.290047167E1,2.766635500E1,1.047481757E2,8.657627702E-1,5.266999817E1,1.700000048E0,9.899999619E0
6.645807268E1,6.290047667E1,2.766637667E1,1.046481812E2,8.745130301E-1,6.074000168E1,1.700000048E0,9.800000191E0
6.745807268E1,6.290048333E1,2.766640500E1,1.045481885E2,8.837780356E-1,5.977999878E1,1.700000048E0,9.300000191E0
6.845807268E1,6.290049000E1,2.766643500E1,1.045481958E2,8.884105682E-1,5.597000122E1,1.700000048E0,9.100000381E0
6.945807268E1,6.290049667E1,2.766646833E1,1.045482030E2,9.002491832E-1,7.034999847E1,1.799999952E0,9.399999619E0
7.045807268E1,6.290050000E1,2.766650000E1,1.045482062E2,9.208380580E-1,7.868000031E1,1.700000048E0,9.699999809E0
7.145807268E1,6.290050167E1,2.766653000E1,1.044482075E2,8.781161308E-1,9.277999878E1,1.700000048E0,1.000000000E1
7.245807268E1,6.290050000E1,2.766655667E1,1.044482048E2,8.564977646E-1,8.984999847E1,1.700000048E0,1.030000019E1
7.345807268E1,6.290050000E1,2.766658000E1,1.043482042E2,8.606155515E-1,8.651000214E1,1.799999952E0,1.000000000E1
7.445807268E1,6.290050167E1,2.766660333E1,1.042482056E2,8.987050056E-1,8.394999695E1,1.799999952E0,9.800000191E0
7.545807268E1,6.290050167E1,2.766662833E1,1.042482050E2,9.290736318E-1,8.390000153E1,1.700000048E0,9.899999619E0
7.645807268E1,6.290050167E1,2.766665333E1,1.041482043E2,9.635599852E-1,8.236000061E1,1.700000048E0,9.500000000E0
7.745807268E1,6.290050333E1,2.766668000E1,1.043482057E2,9.728249907E-1,8.373999786E1,1.799999952E0,9.699999809E0
7.845807268E1,6.290050667E1,2.766670667E1,1.043482090E2,9.697366953E-1,8.597000122E1,1.700000048E0,9.500000000E0
7.945807268E1,6.290050500E1,2.766674000E1,1.041482062E2,9.717955589E-1,9.161000061E1,1.799999952E0,9.399999619E0
8.045807268E1,6.290050500E1,2.766677000E1,1.038482054E2,9.707661271E-1,9.176000214E1,1.799999952E0,9.399999619E0
8.145807268E1,6.290050500E1,2.766679500E1,1.038482048E2,1.016576409E0,9.268000031E1,1.799999952E0,9.300000191E0
8.245807268E1,6.290050333E1,2.766682167E1,1.038482021E2,1.047459722E0,9.954000092E1,1.799999952E0,9.300000191E0
8.345807268E1,6.290050167E1,2.766684833E1,1.037481994E2,1.064960241E0,1.018000031E2,1.799999952E0,9.100000381E0
8.445807268E1,6.290049833E1,2.766687667E1,1.036481947E2,1.090696335E0,9.937999725E1,1.799999952E0,9.100000381E0
8.545807268E1,6.290049167E1,2.766689833E1,1.039481861E2,1.086063862E0,1.228099976E2,1.799999952E0,9.100000381E0
8.645807268E1,6.290048500E1,2.766692500E1,1.040481774E2,1.096873045E0,1.226100006E2,1.799999952E0,9.000000000E0
8.745807268E1,6.290047500E1,2.766695167E1,1.041481647E2,1.122094393E0,1.196800003E2,1.799999952E0,9.199999809E0
8.845807268E1,6.290046833E1,2.766698000E1,1.040481560E2,1.115403056E0,1.373999939E2,1.799999952E0,9.199999809E0
8.945807268E1,6.290046167E1,2.766700333E1,1.043481474E2,1.113344193E0,1.169199982E2,1.799999952E0,9.199999809E0
9.045807268E1,6.290045667E1,2.766702833E1,1.043481407E2,1.103049755E0,1.186299973E2,1.799999952E0,9.199999809E0
9.145807268E1,6.290045000E1,2.766705833E1,1.044481319E2,1.114888310E0,1.211100006E2,1.799999952E0,9.300000191E0
9.245807268E1,6.290044500E1,2.766709000E1,1.044481251E2,1.129815221E0,1.097799988E2,1.899999976E0,9.399999619E0
9.345807268E1,6.290043833E1,2.766712167E1,1.047481163E2,1.149374723E0,1.172600021E2,1.899999976E0,9.600000381E0
9.445807268E1,6.290043167E1,2.766714833E1,1.047481076E2,1.146801114E0,1.233399963E2,1.899999976E0,9.399999619E0
9.545807268E1,6.290043000E1,2.766717500E1,1.050481049E2,1.138565540E0,1.211900024E2,1.799999952E0,9.300000191E0
9.645807268E1,6.290042667E1,2.766719333E1,1.051481004E2,1.117461920E0,1.156900024E2,1.799999952E0,9.300000191E0
9.745807268E1,6.290042333E1,2.766721500E1,1.052480959E2,1.078343034E0,1.164400024E2,1.799999952E0,9.399999619E0
9.845807268E1,6.290042000E1,2.766723333E1,1.054480914E2,1.079372525E0,1.057399979E2,1.799999952E0,9.600000381E0
9.945807268E1,6.290041667E1,2.766726000E1,1.055480867E2,1.091725826E0,1.198499985E2,1.799999952E0,9.600000381E0
1.004580727E2,6.290040833E1,2.766728167E1,1.054480761E2,1.091211081E0,1.205699997E2,1.899999976E0,9.399999619E0
1.014580727E2,6.290040667E1,2.766730167E1,1.054480736E2,1.032532811E0,1.031500015E2,1.899999976E0,9.800000191E0
1.024580727E2,6.290040333E1,2.766732333E1,1.054480691E2,9.753986001E-1,1.055999985E2,1.899999976E0,9.500000000E0
1.034580727E2,6.290039500E1,2.766735000E1,1.054480583E2,9.512066841E-1,1.117799988E2,1.799999952E0,9.500000000E0
1.044580727E2,6.290038833E1,2.766738000E1,1.054480496E2,9.548097253E-1,1.100699997E2,1.799999952E0,9.500000000E0
1.054580727E2,6.290038333E1,2.766740167E1,1.052480430E2,9.615011215E-1,1.118700027E2,1.799999952E0,9.500000000E0
1.064580727E2,6.290038000E1,2.766742667E1,1.051480384E2,9.584127665E-1,1.067600021E2,1.799999952E0,9.300000191E0
1.074580727E2,6.290037333E1,2.766745333E1,1.050480297E2,9.661335945E-1,1.056600037E2,1.799999952E0,9.500000000E0
1.084580727E2,6.290036667E1,2.766747667E1,1.048480210E2,9.846636057E-1,1.062500000E2,1.799999952E0,9.199999809E0
1.094580727E2,6.290035833E1,2.766750333E1,1.047480103E2,9.980463982E-1,1.202699966E2,1.799999952E0,9.199999809E0
1.104580727E2,6.290034667E1,2.766753167E1,1.049479956E2,1.012458563E0,1.249100037E2,1.799999952E0,9.000000000E0
1.114580727E2,6.290033833E1,2.766755167E1,1.050479850E2,1.017091155E0,1.303099976E2,1.799999952E0,8.899999619E0
1.124580727E2,6.290033000E1,2.766757167E1,1.049479745E2,1.012458563E0,1.194499969E2,1.799999952E0,9.199999809E0
1.134580727E2,6.290032333E1,2.766758833E1,1.049479661E2,1.003193617E0,1.175500031E2,1.799999952E0,8.899999619E0
1.144580727E2,6.290032000E1,2.766760833E1,1.050479615E2,9.615011215E-1,9.788999939E1,1.799999952E0,8.600000381E0
1.154580727E2,6.290031667E1,2.766763833E1,1.050479568E2,9.692219496E-1,1.054499969E2,1.799999952E0,8.800000191E0
1.164580727E2,6.290031167E1,2.766766333E1,1.049479501E2,9.645894170E-1,1.043099976E2,1.799999952E0,8.800000191E0
1.174580727E2,6.290031000E1,2.766769000E1,1.049479474E2,9.635599852E-1,9.879000092E1,1.799999952E0,8.899999619E0
1.184580727E2,6.290031000E1,2.766771833E1,1.051479467E2,9.496625066E-1,8.015000153E1,1.799999952E0,9.300000191E0
1.194580727E2,6.290031333E1,2.766774333E1,1.052479501E2,9.048816562E-1,7.715000153E1,1.799999952E0,9.399999619E0
1.204580727E2,6.290031833E1,2.766776667E1,1.052479555E2,8.688511252E-1,8.456999969E1,1.700000048E0,9.399999619E0
1.214580727E2,6.290032000E1,2.766778833E1,1.050479570E2,8.667922020E-1,8.013999939E1,1.700000048E0,9.600000381E0
1.224580727E2,6.290032000E1,2.766781000E1,1.049479565E2,8.601008058E-1,8.826999664E1,1.799999952E0,9.600000381E0
1.234580727E2,6.290031833E1,2.766782500E1,1.047479541E2,8.276733160E-1,1.054599991E2,1.700000048E0,9.000000000E0
1.244580727E2,6.290031333E1,2.766784333E1,1.047479476E2,8.184083104E-1,1.291799927E2,1.700000048E0,8.199999809E0
1.254580727E2,6.290030500E1,2.766785500E1,1.044479373E2,7.767158151E-1,1.390599976E2,1.700000048E0,8.399999619E0
1.264580727E2,6.290029500E1,2.766786333E1,1.041479250E2,7.617889047E-1,1.555899963E2,1.700000048E0,8.300000191E0
1.274580727E2,6.290028500E1,2.766787167E1,1.039479128E2,7.381116748E-1,1.569100037E2,1.700000048E0,8.300000191E0
1.284580727E2,6.290027500E1,2.766788000E1,1.038479005E2,7.123755813E-1,1.627400055E2,1.700000048E0,8.199999809E0
1.294580727E2,6.290026167E1,2.766788500E1,1.037478843E2,7.123755813E-1,1.636499939E2,1.700000048E0,8.100000381E0
1.304580727E2,6.290024667E1,2.766788167E1,1.036478664E2,7.113460898E-1,1.709100037E2,1.700000048E0,8.100000381E0
1.314580727E2,6.290023000E1,2.766788333E1,1.036478462E2,7.278172374E-1,1.733800049E2,1.700000048E0,8.000000000E0
1.324580727E2,6.290021500E1,2.766788500E1,1.036478281E2,7.772305608E-1,1.808399963E2,1.700000048E0,8.000000000E0
1.334580727E2,6.290019833E1,2.766787833E1,1.037478082E2,8.436297178E-1,1.890800018E2,1.700000048E0,7.900000095E0
1.344580727E2,6.290019000E1,2.766787500E1,1.035477983E2,8.559830785E-1,1.962200012E2,1.700000048E0,8.300000191E0
1.354580727E2,6.290017833E1,2.766787333E1,1.034477843E2,8.961313963E-1,1.938500061E2,1.700000048E0,8.100000381E0
1.364580727E2,6.290017167E1,2.766787167E1,1.032477763E2,8.925283551E-1,1.930000000E2,1.700000048E0,8.399999619E0
1.374580727E2,6.290016167E1,2.766787833E1,1.028477641E2,9.028227925E-1,1.828800049E2,1.700000048E0,8.199999809E0
1.384580727E2,6.290015500E1,2.766788833E1,1.025477558E2,8.951019645E-1,1.800200043E2,1.700000048E0,8.199999809E0
1.394580727E2,6.290014333E1,2.766789667E1,1.022477416E2,8.765719533E-1,1.732599945E2,1.700000048E0,8.399999619E0
1.404580727E2,6.290013333E1,2.766789333E1,1.019477296E2,8.554683328E-1,1.799499969E2,1.700000048E0,8.399999619E0
1.414580727E2,6.290011833E1,2.766789833E1,1.018477114E2,8.405413628E-1,1.795500031E2,1.700000048E0,8.600000381E0
1.424580727E2,6.290010667E1,2.766790167E1,1.015476973E2,7.957605720E-1,1.794400024E2,1.799999952E0,8.699999809E0
1.434580727E2,6.290009333E1,2.766789667E1,1.010476814E2,7.427441478E-1,1.847100067E2,1.799999952E0,8.899999619E0
1.444580727E2,6.290008000E1,2.766789833E1,1.005476653E2,7.437736392E-1,1.856600037E2,1.799999952E0,9.300000191E0
1.454580727E2,6.290006500E1,2.766789667E1,1.004476473E2,7.247288823E-1,1.859100037E2,1.700000048E0,9.199999809E0
1.464580727E2,6.290005000E1,2.766790333E1,1.001476290E2,7.448030710E-1,1.817400055E2,1.700000048E0,8.800000191E0
1.474580727E2,6.290003500E1,2.766791167E1,9.974761076E1,7.942163944E-1,1.743399963E2,1.700000048E0,8.300000191E0
1.484580727E2,6.290001833E1,2.766792500E1,9.984759036E1,8.400266767E-1,1.793200073E2,1.700000048E0,8.500000000E0
1.494580727E2,6.290000000E1,2.766793000E1,1.002475682E2,8.997344375E-1,1.766100006E2,1.700000048E0,8.699999809E0
1.504580727E2,6.289998167E1,2.766794333E1,1.005475458E2,9.465741515E-1,1.552200012E2,1.700000048E0,9.000000000E0
1.514580727E2,6.289997167E1,2.766795500E1,1.006475334E2,9.434858561E-1,1.583399963E2,1.700000048E0,8.800000191E0
1.524580727E2,6.289996333E1,2.766796333E1,1.006475232E2,9.347355366E-1,1.637500000E2,1.799999952E0,9.100000381E0
1.534580727E2,6.289995333E1,2.766797833E1,1.007475108E2,0.000000000E0,1.509199982E2,1.700000048E0,8.000000000E0
1.544580727E2,6.289993833E1,2.766799000E1,1.009474924E2,0.000000000E0,1.529100037E2,1.700000048E0,7.800000191E0
1.554580727E2,6.289992833E1,2.766799667E1,1.008474802E2,9.548097253E-1,1.477599945E2,1.700000048E0,7.599999905E0
1.564580727E2,6.289992000E1,2.766801500E1,1.012474697E2,9.728249907E-1,1.476900024E2,1.700000048E0,7.800000191E0
1.574580727E2,6.289991000E1,2.766803000E1,1.014474573E2,9.928991795E-1,1.534700012E2,1.700000048E0,7.900000095E0
1.584580727E2,6.289989667E1,2.766804500E1,1.014474409E2,9.774575233E-1,1.511199951E2,1.799999952E0,8.100000381E0
1.594580727E2,6.289988667E1,2.766806167E1,1.018474284E2,9.717955589E-1,1.526799927E2,1.799999952E0,8.199999809E0
1.604580727E2,6.289987833E1,2.766807833E1,1.022474179E2,9.604716897E-1,1.429299927E2,1.799999952E0,7.900000095E0
1.614580727E2,6.289986500E1,2.766809500E1,1.024474015E2,9.239264131E-1,1.577799988E2,1.799999952E0,7.900000095E0
1.624580727E2,6.289985333E1,2.766810667E1,1.025473871E2,9.578980803E-1,1.429499969E2,1.799999952E0,8.000000000E0
1.634580727E2,6.289984167E1,2.766812833E1,1.028473725E2,9.949580431E-1,1.474700012E2,1.799999952E0,8.199999809E0
1.644580727E2,6.289982833E1,2.766813833E1,1.029473562E2,1.004737735E0,1.528600006E2,1.799999952E0,8.500000000E0
1.654580727E2,6.289981667E1,2.766815667E1,1.034473417E2,1.033562183E0,1.719299927E2,1.799999952E0,8.399999619E0
1.664580727E2,6.289980167E1,2.766817167E1,1.038473233E2,1.050548077E0,1.697899933E2,1.899999976E0,8.199999809E0
1.669580727E2,6.289978833E1,2.766817833E1,1.040473071E2,1.042312503E0,1.677799988E2,1.799999952E0,8.199999809E0
1.674580727E2,6.289978167E1,2.766819500E1,1.038472986E2,1.031503320E0,1.651300049E2,1.799999952E0,8.199999809E0
1.679580727E2,6.289977500E1,2.766820667E1,1.036472903E2,1.033047557E0,1.654799957E2,1.799999952E0,8.100000381E0
1.684580727E2,6.289976833E1,2.766822000E1,1.034472819E2,1.030988574E0,1.585000000E2,1.799999952E0,8.300000191E0
1.694580727E2,6.289975167E1,2.766823500E1,1.039472615E2,1.070622206E0,1.688200073E2,1.799999952E0,8.399999619E0
1.704580727E2,6.289973500E1,2.766825333E1,1.037472410E2,1.105623364E0,1.602299957E2,1.799999952E0,8.399999619E0
1.714580727E2,6.289972500E1,2.766827333E1,1.040472284E2,1.105108619E0,1.714600067E2,1.799999952E0,8.600000381E0
1.724580727E2,6.289971333E1,2.766828167E1,1.039472142E2,1.128785849E0,1.728899994E2,1.899999976E0,8.800000191E0
1.734580727E2,6.289970000E1,2.766828833E1,1.039471980E2,1.159154415E0,1.711699982E2,1.799999952E0,8.699999809E0
1.744580727E2,6.289968500E1,2.766829500E1,1.039471797E2,1.176655054E0,1.654700012E2,1.799999952E0,8.800000191E0
1.754580727E2,6.289967333E1,2.766830833E1,1.040471653E2,1.203420520E0,1.670500031E2,1.899999976E0,9.000000000E0
1.764580727E2,6.289966167E1,2.766831667E1,1.040471511E2,1.180258036E0,1.809199982E2,1.899999976E0,8.800000191E0
1.774580727E2,6.289965500E1,2.766832000E1,1.038471430E2,1.151433587E0,1.787599945E2,1.899999976E0,9.000000000E0
1.784580727E2,6.289964500E1,2.766831833E1,1.040471310E2,1.146801114E0,1.930000000E2,1.899999976E0,9.199999809E0
1.794580727E2,6.289963333E1,2.766832000E1,1.039471169E2,1.140624404E0,1.966000061E2,1.899999976E0,9.199999809E0
1.804580727E2,6.289962000E1,2.766831667E1,1.038471009E2,1.113344193E0,2.007700043E2,1.899999976E0,9.300000191E0
1.814580727E2,6.289960667E1,2.766830833E1,1.037470851E2,1.094814181E0,1.883300018E2,1.899999976E0,9.300000191E0
1.824580727E2,6.289959667E1,2.766830667E1,1.038470731E2,1.086063862E0,1.745800018E2,1.799999952E0,9.000000000E0
1.834580727E2,6.289958833E1,2.766830833E1,1.035470630E2,1.046430230E0,1.810500031E2,1.799999952E0,8.399999619E0
1.844580727E2,6.289957667E1,2.766830833E1,1.039470490E2,1.037165284E0,1.864799957E2,1.799999952E0,8.699999809E0
1.854580727E2,6.289956500E1,2.766831167E1,1.037470348E2,1.021723628E0,1.853999939E2,1.799999952E0,8.699999809E0
1.864580727E2,6.289955167E1,2.766831833E1,1.035470186E2,1.061871886E0,1.659400024E2,1.799999952E0,9.000000000E0
1.874580727E2,6.289954000E1,2.766832500E1,1.035470044E2,1.083490252E0,1.771799927E2,1.799999952E0,9.399999619E0
1.884580727E2,6.289953000E1,2.766832667E1,1.033469923E2,1.052092195E0,1.901199951E2,1.799999952E0,9.399999619E0
1.894580727E2,6.289952000E1,2.766832167E1,1.033469804E2,1.051062822E0,2.014499969E2,1.799999952E0,9.199999809E0
1.904580727E2,6.289951000E1,2.766831500E1,1.036469685E2,1.051577449E0,2.048099976E2,1.799999952E0,9.000000000E0
1.914580727E2,6.289950333E1,2.766831167E1,1.036469606E2,1.028929710E0,1.983500061E2,1.799999952E0,9.199999809E0
1.924580727E2,6.289949333E1,2.766830500E1,1.036469487E2,1.018635273E0,1.944199982E2,1.700000048E0,9.100000381E0
1.934580727E2,6.289948167E1,2.766830500E1,1.039469347E2,1.041283011E0,1.904199982E2,1.700000048E0,8.699999809E0
1.944580727E2,6.289947167E1,2.766830667E1,1.043469226E2,1.026870847E0,1.838699951E2,1.700000048E0,8.800000191E0
1.954580727E2,6.289946500E1,2.766830333E1,1.050469147E2,9.841488600E-1,1.912599945E2,1.700000048E0,8.500000000E0
1.964580727E2,6.289945500E1,2.766830667E1,1.053469025E2,9.445152879E-1,1.799499969E2,1.700000048E0,8.600000381E0
1.974580727E2,6.289944500E1,2.766831167E1,1.055468904E2,9.347355366E-1,1.777299957E2,1.700000048E0,8.399999619E0
1.984580727E2,6.289943333E1,2.766831333E1,1.059468763E2,9.275294542E-1,1.884299927E2,1.700000048E0,8.500000000E0
1.994580727E2,6.289942167E1,2.766831167E1,1.060468623E2,9.120877981E-1,1.848699951E2,1.700000048E0,8.199999809E0
2.004580727E2,6.289941167E1,2.766831333E1,1.062468502E2,8.945872188E-1,1.844600067E2,1.700000048E0,8.100000381E0
2.014580727E2,6.289939833E1,2.766831667E1,1.066468341E2,9.342208505E-1,1.855500031E2,1.700000048E0,8.100000381E0
2.024580727E2,6.289938500E1,2.766831833E1,1.067468180E2,9.162055850E-1,1.825299988E2,1.700000048E0,8.399999619E0
2.034580727E2,6.289937167E1,2.766832667E1,1.066468017E2,9.131172299E-1,1.734100037E2,1.700000048E0,8.699999809E0
2.044580727E2,6.289935667E1,2.766834000E1,1.068467833E2,9.228969216E-1,1.777599945E2,1.799999952E0,8.800000191E0
2.054580727E2,6.289934167E1,2.766834333E1,1.072467652E2,9.671630263E-1,1.789600067E2,1.799999952E0,8.699999809E0
2.064580727E2,6.289933333E1,2.766835667E1,1.077467548E2,9.573833346E-1,1.808699951E2,1.799999952E0,8.699999809E0
2.074580727E2,6.289932167E1,2.766836167E1,1.077467406E2,9.522361159E-1,1.857400055E2,1.700000048E0,8.199999809E0
2.084580727E2,6.289931000E1,2.766836667E1,1.076467265E2,9.759133458E-1,1.841100006E2,1.700000048E0,8.399999619E0
2.094580727E2,6.289929833E1,2.766836833E1,1.074467124E2,9.630452991E-1,1.742700043E2,1.700000048E0,8.800000191E0
2.104580727E2,6.289928833E1,2.766837500E1,1.074467002E2,9.403975010E-1,1.724199982E2,1.700000048E0,8.399999619E0
2.114580727E2,6.289927500E1,2.766838667E1,1.072466838E2,9.275294542E-1,1.709499969E2,1.799999952E0,8.600000381E0
2.124580727E2,6.289926000E1,2.766839167E1,1.071466656E2,9.455447197E-1,1.754799957E2,1.799999952E0,8.899999619E0
2.134580727E2,6.289924667E1,2.766839667E1,1.066466495E2,9.321619272E-1,1.730800018E2,1.799999952E0,8.399999619E0
2.144580727E2,6.289923667E1,2.766840667E1,1.065466372E2,9.136319160E-1,1.709700012E2,1.700000048E0,8.500000000E0
2.154580727E2,6.289922333E1,2.766840667E1,1.063466211E2,9.089994431E-1,1.746100006E2,1.700000048E0,8.699999809E0
2.164580727E2,6.289921333E1,2.766840000E1,1.061466092E2,9.306177497E-1,1.793600006E2,1.700000048E0,8.899999619E0
2.174580727E2,6.289920333E1,2.766840000E1,1.059465972E2,9.234116673E-1,1.739499969E2,1.700000048E0,8.600000381E0
2.184580727E2,6.289919500E1,2.766839833E1,1.059465872E2,9.053964019E-1,1.796100006E2,1.700000048E0,8.699999809E0
2.194580727E2,6.289918500E1,2.766840333E1,1.059465750E2,8.992197514E-1,1.728000031E2,1.799999952E0,9.000000000E0
2.204580727E2,6.289917333E1,2.766840333E1,1.057465610E2,9.069405794E-1,1.738500061E2,1.799999952E0,8.600000381E0
2.214580727E2,6.289916667E1,2.766840000E1,1.057465531E2,8.992197514E-1,1.834900055E2,1.799999952E0,8.699999809E0
2.224580727E2,6.289915500E1,2.766839833E1,1.057465391E2,8.909841776E-1,1.912799988E2,1.700000048E0,8.699999809E0
2.234580727E2,6.289914333E1,2.766839333E1,1.056465251E2,8.606155515E-1,2.046399994E2,1.700000048E0,8.699999809E0
2.244580727E2,6.289913333E1,2.766839167E1,1.053465131E2,8.271586299E-1,1.843600006E2,1.700000048E0,8.600000381E0
2.254580727E2,6.289912167E1,2.766839667E1,1.051464990E2,8.086286187E-1,1.817599945E2,1.700000048E0,8.899999619E0
2.264580727E2,6.289910833E1,2.766840167E1,1.048464828E2,8.482622504E-1,1.831999969E2,1.700000048E0,8.500000000E0
2.274580727E2,6.289909667E1,2.766840167E1,1.047464687E2,8.472327590E-1,1.969799957E2,1.799999952E0,8.600000381E0
2.284580727E2,6.289908833E1,2.766840333E1,1.047464587E2,8.621597290E-1,2.108000031E2,1.799999952E0,8.500000000E0
2.294580727E2,6.289908000E1,2.766839667E1,1.046464488E2,8.925283551E-1,2.025700073E2,1.700000048E0,8.800000191E0
2.304580727E2,6.289906833E1,2.766839833E1,1.041464347E2,9.023080468E-1,1.927400055E2,1.700000048E0,9.199999809E0
2.314580727E2,6.289905667E1,2.766840000E1,1.040464206E2,8.992197514E-1,1.818899994E2,1.700000048E0,8.500000000E0
2.324580727E2,6.289904667E1,2.766840667E1,1.036464084E2,8.534094691E-1,2.096900024E2,1.700000048E0,8.300000191E0
2.334580727E2,6.289903667E1,2.766840833E1,1.035463963E2,8.384824991E-1,2.037500000E2,1.799999952E0,8.699999809E0
2.344580727E2,6.289902667E1,2.766840333E1,1.034463844E2,8.518652916E-1,2.056699982E2,1.700000048E0,8.899999619E0
2.354580727E2,6.289901667E1,2.766840500E1,1.034463723E2,8.323058486E-1,2.017500000E2,1.799999952E0,9.199999809E0
2.364580727E2,6.289900500E1,2.766840333E1,1.034463583E2,7.772305608E-1,1.947200012E2,1.700000048E0,9.000000000E0
2.374580727E2,6.289899167E1,2.766840500E1,1.033463422E2,7.751716375E-1,1.865599976E2,1.799999952E0,8.699999809E0
2.384580727E2,6.289897833E1,2.766841333E1,1.034463260E2,7.813483477E-1,1.915099945E2,1.799999952E0,9.000000000E0
2.394580727E2,6.289896500E1,2.766841500E1,1.035463099E2,7.762011290E-1,1.773099976E2,1.799999952E0,9.300000191E0
2.404580727E2,6.289895000E1,2.766843000E1,1.044462915E2,7.684803009E-1,1.733999939E2,1.799999952E0,9.100000381E0
2.414580727E2,6.289893167E1,2.766844333E1,1.046462690E2,7.998783588E-1,1.701999969E2,1.700000048E0,8.699999809E0
2.424580727E2,6.289891667E1,2.766845500E1,1.049462507E2,8.250997066E-1,1.771999969E2,1.700000048E0,8.699999809E0
2.434580727E2,6.289890500E1,2.766846333E1,1.050462364E2,8.266438842E-1,1.842899933E2,1.700000048E0,8.899999619E0
2.444580727E2,6.289889500E1,2.766846333E1,1.046462244E2,8.317911029E-1,1.918200073E2,1.700000048E0,9.100000381E0
2.454580727E2,6.289888500E1,2.766845833E1,1.043462125E2,8.209819198E-1,1.982500000E2,1.700000048E0,8.800000191E0
2.464580727E2,6.289887500E1,2.766846000E1,1.043462004E2,8.122316599E-1,1.822599945E2,1.700000048E0,8.800000191E0
2.474580727E2,6.289886667E1,2.766846667E1,1.042461902E2,8.101727962E-1,1.709400024E2,1.700000048E0,8.399999619E0
2.484580727E2,6.289885167E1,2.766846833E1,1.040461721E2,8.163494468E-1,1.767100067E2,1.700000048E0,8.699999809E0
2.494580727E2,6.289883833E1,2.766847500E1,1.039461559E2,8.544389009E-1,1.731699982E2,1.700000048E0,8.899999619E0
2.504580727E2,6.289882833E1,2.766848000E1,1.037461437E2,8.338500261E-1,1.806300049E2,1.700000048E0,8.399999619E0
2.514580727E2,6.289881833E1,2.766848500E1,1.033461316E2,7.762011290E-1,1.778999939E2,1.700000048E0,8.600000381E0
2.524580727E2,6.289880333E1,2.766848833E1,1.032461134E2,7.962752581E-1,1.768999939E2,1.700000048E0,8.600000381E0
2.534580727E2,6.289879000E1,2.766849000E1,1.031460973E2,8.492916822E-1,1.806499939E2,1.700000048E0,8.699999809E0
2.544580727E2,6.289877833E1,2.766849000E1,1.030460833E2,8.750277758E-1,1.883000031E2,1.700000048E0,8.699999809E0
2.554580727E2,6.289876667E1,2.766849167E1,1.031460692E2,9.223822355E-1,1.841999969E2,1.700000048E0,8.399999619E0
2.564580727E2,6.289875667E1,2.766849000E1,1.029460572E2,9.687072039E-1,1.834700012E2,1.600000024E0,8.399999619E0
2.574580727E2,6.289874667E1,2.766848500E1,1.027460453E2,9.985610843E-1,1.799100037E2,1.600000024E0,8.199999809E0
2.584580727E2,6.289873667E1,2.766848000E1,1.027460334E2,9.892961383E-1,1.961799927E2,1.600000024E0,8.300000191E0
2.594580727E2,6.289872500E1,2.766847833E1,1.025460194E2,9.753986001E-1,1.807500000E2,1.600000024E0,8.199999809E0
2.604580727E2,6.289869500E1,2.766851833E1,1.038459822E2,1.063930869E0,1.648200073E2,1.500000000E0,8.300000191E0
2.614580727E2,6.289868000E1,2.766852833E1,1.037459639E2,1.140624404E0,1.660099945E2,1.700000048E0,8.399999619E0
2.624580727E2,6.289866667E1,2.766853167E1,1.035459478E2,1.154007196E0,1.745599976E2,1.700000048E0,8.699999809E0
2.634580727E2,6.289865333E1,2.766853333E1,1.035459317E2,1.182316899E0,1.859700012E2,1.799999952E0,8.699999809E0
2.644580727E2,6.289863833E1,2.766853667E1,1.037459136E2,1.205994129E0,1.831799927E2,1.799999952E0,8.699999809E0
2.654580727E2,6.289862167E1,2.766854667E1,1.039458932E2,1.215773940E0,1.879499969E2,1.799999952E0,8.600000381E0
2.664580727E2,6.289860833E1,2.766855167E1,1.039458771E2,1.238421679E0,1.790599976E2,1.700000048E0,8.800000191E0
2.674580727E2,6.289859500E1,2.766856000E1,1.040458608E2,1.229671359E0,1.865500031E2,1.700000048E0,8.699999809E0
2.684580727E2,6.289858833E1,2.766855667E1,1.040458529E2,1.269304991E0,1.862299957E2,1.700000048E0,8.800000191E0
2.694580727E2,6.289857667E1,2.766856667E1,1.040458386E2,1.281658292E0,1.672700043E2,1.700000048E0,8.699999809E0
2.704580727E2,6.289856333E1,2.766858000E1,1.041458222E2,1.237392187E0,1.729299927E2,1.700000048E0,8.500000000E0
2.714580727E2,6.289855000E1,2.766859167E1,1.043458058E2,1.235333323E0,1.631000061E2,1.700000048E0,8.600000381E0
2.724580727E2,6.289852333E1,2.766863333E1,1.054457727E2,1.238421679E0,1.499600067E2,1.600000024E0,8.000000000E0
2.734580727E2,6.289851000E1,2.766866167E1,1.068457559E2,1.218347549E0,1.373200073E2,1.500000000E0,8.000000000E0
2.744580727E2,6.289850333E1,2.766867833E1,1.070457475E2,1.164816380E0,1.283500061E2,1.600000024E0,8.399999619E0
2.754580727E2,6.289850000E1,2.766869167E1,1.070457431E2,1.141139150E0,1.309299927E2,1.700000048E0,8.699999809E0
2.764580727E2,6.289849667E1,2.766870167E1,1.072457389E2,1.087608099E0,1.365200043E2,1.700000048E0,9.199999809E0
2.774580727E2,6.289849500E1,2.766872000E1,1.073457364E2,1.088122725E0,1.216999969E2,1.700000048E0,9.300000191E0
2.784580727E2,6.289849000E1,2.766874500E1,1.074457297E2,1.059813023E0,1.133799973E2,1.700000048E0,9.500000000E0
2.794580727E2,6.289848833E1,2.766877000E1,1.077457271E2,1.017605782E0,9.069999695E1,1.799999952E0,9.699999809E0
2.804580727E2,6.289848833E1,2.766879667E1,1.080457264E2,1.020694137E0,8.408999634E1,1.799999952E0,9.699999809E0
2.814580727E2,6.289848833E1,2.766882333E1,1.085457258E2,1.017091155E0,8.966999817E1,1.799999952E0,9.699999809E0
2.824580727E2,6.289849000E1,2.766884833E1,1.088457271E2,9.898108244E-1,1.090400009E2,1.799999952E0,9.699999809E0
2.834580727E2,6.289849000E1,2.766886833E1,1.088457266E2,9.609863758E-1,9.183999634E1,1.799999952E0,9.500000000E0
2.844580727E2,6.289849333E1,2.766889500E1,1.090457300E2,9.877519608E-1,9.116999817E1,1.799999952E0,9.500000000E0
2.854580727E2,6.289849667E1,2.766891667E1,1.094457334E2,1.000620008E0,8.641999817E1,1.799999952E0,9.699999809E0
2.864580727E2,6.289849833E1,2.766893500E1,1.095457350E2,1.016576409E0,9.019999695E1,1.799999952E0,9.600000381E0
2.874580727E2,6.289850000E1,2.766895833E1,1.097457364E2,9.784869552E-1,1.230899963E2,1.799999952E0,9.000000000E0
2.884580727E2,6.289849833E1,2.766897333E1,1.095457340E2,9.419416785E-1,1.171600037E2,1.700000048E0,9.000000000E0
2.894580727E2,6.289849833E1,2.766898500E1,1.091457337E2,9.012786150E-1,1.183099976E2,1.700000048E0,8.800000191E0
2.904580727E2,6.289849500E1,2.766899833E1,1.090457294E2,8.580419421E-1,1.391799927E2,1.700000048E0,8.399999619E0
2.914580727E2,6.289848667E1,2.766900000E1,1.087457193E2,7.921574712E-1,1.714900055E2,1.700000048E0,8.100000381E0
2.924580727E2,6.289848167E1,2.766899833E1,1.080457133E2,7.617889047E-1,1.761300049E2,1.700000048E0,8.300000191E0
2.934580727E2,6.289847500E1,2.766900667E1,1.074457051E2,7.231847048E-1,1.778899994E2,1.600000024E0,8.199999809E0
2.944580727E2,6.289846667E1,2.766901000E1,1.067456950E2,6.753155589E-1,1.771600037E2,1.700000048E0,8.300000191E0
2.954580727E2,6.289845667E1,2.766901500E1,1.063456828E2,6.361966729E-1,1.798099976E2,1.700000048E0,8.600000381E0
2.964580727E2,6.289844500E1,2.766902000E1,1.059456687E2,6.135488749E-1,1.833300018E2,1.700000048E0,8.899999619E0
2.974580727E2,6.289843500E1,2.766902833E1,1.055456564E2,6.284758449E-1,1.812200012E2,1.700000048E0,9.300000191E0
2.984580727E2,6.289842333E1,2.766902667E1,1.050456424E2,6.434027553E-1,1.842700043E2,1.700000048E0,9.500000000E0
2.994580727E2,6.289841333E1,2.766902500E1,1.046456304E2,6.840658188E-1,1.859100037E2,1.700000048E0,9.800000191E0
3.004580727E2,6.289840333E1,2.766902500E1,1.041456184E2,7.128902674E-1,1.852500000E2,1.700000048E0,9.199999809E0
3.014580727E2,6.289838833E1,2.766904333E1,1.037455998E2,7.185522318E-1,1.895899963E2,1.700000048E0,8.699999809E0
3.024580727E2,6.289837667E1,2.766906500E1,1.033455853E2,7.139196992E-1,1.786000061E2,1.700000048E0,9.000000000E0
3.034580727E2,6.289836833E1,2.766907000E1,1.030455751E2,6.964191794E-1,2.108899994E2,1.700000048E0,9.199999809E0
3.044580727E2,6.289836333E1,2.766907333E1,1.029455690E2,6.603885889E-1,1.798099976E2,1.700000048E0,9.500000000E0
3.054580727E2,6.289836167E1,2.766907167E1,1.029455670E2,6.104605794E-1,2.228800049E2,1.600000024E0,9.500000000E0
3.064580727E2,6.289835667E1,2.766906500E1,1.030455612E2,5.595030785E-1,2.195299988E2,1.600000024E0,9.600000381E0
3.074580727E2,6.289835500E1,2.766905333E1,1.030455595E2,5.095750093E-1,2.546399994E2,1.600000024E0,9.800000191E0
3.084580727E2,6.289835333E1,2.766903833E1,1.031455578E2,4.472936094E-1,2.692300110E2,1.600000024E0,1.010000038E1
3.094580727E2,6.289835333E1,2.766902500E1,1.031455582E2,0.000000000E0,2.719000053E1,1.600000024E0,1.000000000E1
3.104580727E2,6.289835167E1,2.766901333E1,1.032455565E2,0.000000000E0,3.564400024E2,1.600000024E0,1.010000038E1
3.114580727E2,6.289835167E1,2.766900833E1,1.031455566E2,0.000000000E0,3.127000122E2,1.600000024E0,1.089999962E1
3.124580727E2,6.289835167E1,2.766900833E1,1.031455566E2,0.000000000E0,3.127000122E2,1.600000024E0,1.100000000E1
3.134580727E2,6.289835167E1,2.766900833E1,1.031455566E2,0.000000000E0,3.127000122E2,1.600000024E0,1.110000038E1
